donoraddress,index,daterec,url,donorname,dateacc,donorstatus,mpandconstituency,mp,constituency,donationdesc
private,1afolami_bim.htm,05-Jul-17,afolami_bim.htm,Peter Cruddas,05-Jul-17,"individual(Registered 06 July 2017)","Afolami, Bim (Hitchin and Harpenden)","Afolami, Bim ",Hitchin and Harpenden,"Ticket to the Conservative Summer Party, value å£1,500"
private,1keegan_gillian.htm,03-Aug-17,keegan_gillian.htm,Lady March,03-Aug-17,"individual(Registered 24 August 2017)6","Keegan, Gillian (Chichester)","Keegan, Gillian ",Chichester,"Two tickets to attend Goodwood Ladies Day, total value å£440 (å£220 per person)"
private,1martin_sandy.htm,10-Jun-17,martin_sandy.htm,Christopher Mole,10-Jun-17,"individual(Registered 05 July 2017)                  ","Martin, Sandy (Ipswich)","Martin, Sandy ",Ipswich,"Use of a flat in London between 10 June and 10 July 2017, value å£1,440"
"Whitehall Place, London SW1A 2HE",1moran_layla.htm,17-Jul-17,moran_layla.htm,National Liberal Club,17-Jul-17,"friendly society(Registered 31 July 2017)                  ","Moran, Layla (Oxford West and Abingdon)","Moran, Layla ",Oxford West and Abingdon,"Complementary annual membership of the National Liberal Club, value å£1,102.50"
"Cooper House, 205 Hook Road, Chessington KT9 1EA",1russell-moyle_lloyd.htm,18-May-17,russell-moyle_lloyd.htm,GMB Southern Union,19-May-17,"trade union(Registered 07 July 2017)6","Russell-Moyle, Lloyd (Brighton, Kemptown)","Russell-Moyle, Lloyd ","Brighton, Kemptown",å£611.06 reimbursement of car hire costs during the General Election
"Musselburgh, East Lothian EH21 7RG",1whitfield_martin.htm,17-Jun-17,whitfield_martin.htm,Musselburgh Racecourse,18-Jun-17,"other(Registered 05 July 2017)","Whitfield, Martin (East Lothian)","Whitfield, Martin ",East Lothian,badge for the racecourse with a value of å£440
"Marford Mill, Rossett, Wrexham LL12 0HL",1wiggin_bill.htm,16-Dec-16,wiggin_bill.htm,British Association for Shooting and Conservation (BASC),16-Dec-16,"Registered Industrial and Provident Society No 28488R(Registered 19 December 2016; updated 10 January 2017)6","Wiggin, Bill (North Herefordshire)","Wiggin, Bill ",North Herefordshire," one day‰Ûªs shooting at Catton Hall, South Derbyshire and one night‰Ûªs accommodation at Hoar Cross Hall Hotel Staffordshire; total value å£826.73Date of receipt of donation: 16 December 2016Date of acceptance of donation: 16 December 2016Donor status: Registered Industrial and Provident Society No 28488R(Registered 19 December 2016; updated 10 January 2017)6"
"Central St Giles, St Giles High Street, London WC2H 8NU",1whittingdale_john.htm,12-Feb-17,whittingdale_john.htm,NBC Universal International,12-Feb-17,"company, registration 04415234(Registered 24 February 2017)","Whittingdale, Mr John (Maldon)","Whittingdale, Mr John ",Maldon,"one ticket for the BAFTA Film Awards and Dinner, value: å£1,239"
"Phase 2, 2 Crewe Road North, Edinburgh EH5 2XS",1whitford_philippa.htm,02-Feb-16,whitford_philippa.htm,ADS Group,02-Feb-16,"company, registration 07016635(Registered 15 September 2016)","Whitford, Dr Philippa (Central Ayrshire)","Whitford, Dr Philippa ",Central Ayrshire,"hospitality at ADS' annual dinner, value å£109.61"
"Phase 2, 2 Crewe Road North, Edinburgh EH5 2XS",2whitford_philippa.htm,07-Jun-16,whitford_philippa.htm,ADS Group,07-Jun-16,"company, registration 07016635(Registered 15 September 2016)","Whitford, Dr Philippa (Central Ayrshire)","Whitford, Dr Philippa ",Central Ayrshire,"hospitality at ADS industry dinner with SNP MPs, value å£92"
"Phase 2, 2 Crewe Road North, Edinburgh EH5 2XS",3whitford_philippa.htm,11-Jul-16,whitford_philippa.htm,ADS Group,11-Jul-16,"company, registration 07016635(Registered 15 September 2016)","Whitford, Dr Philippa (Central Ayrshire)","Whitford, Dr Philippa ",Central Ayrshire,"entrance to Farnborough International Airshow 2016, value å£36"
"Phase 2, 2 Crewe Road North, Edinburgh EH5 2XS",4whitford_philippa.htm,01-Sep-16,whitford_philippa.htm,ADS Group,01-Sep-16,"company, registration 07016635(Registered 15 September 2016)","Whitford, Dr Philippa (Central Ayrshire)","Whitford, Dr Philippa ",Central Ayrshire,"ADS guest at CBI Scotland Dinner, value å£180"
"Burnaston, Derbyshire DE1 9TA",1wheeler_heather.htm,29-Oct-16,wheeler_heather.htm,Toyota Motor Manufacturing (UK) Ltd,29-Oct-16,"company, registration 558339213(Registered 19 December 2016)","Wheeler, Heather (South Derbyshire)","Wheeler, Heather ",South Derbyshire,"football match & lunch tickets, for me and my husband, to Derby County's Pride Park ground; å£150 per person, total value å£300"
"Burnaston, Derbyshire DE1 9TA",2wheeler_heather.htm,29-Nov-16,wheeler_heather.htm,Toyota Motor Manufacturing (UK) Ltd,29-Nov-16,"company, registration 558339213(Registered 19 December 2016)","Wheeler, Heather (South Derbyshire)","Wheeler, Heather ",South Derbyshire,"the Society of Motor Manufacturers & Traders Dinner, attended by me and a member of staff; value å£250 per person plus taxi fare å£14, total value å£514"
"Burnaston, Derbyshire DE1 9TA",3wheeler_heather.htm,14-Dec-16,wheeler_heather.htm,Toyota Motor Manufacturing (UK) Ltd,14-Dec-16,"company, registration 558339213(Registered 19 December 2016)6","Wheeler, Heather (South Derbyshire)","Wheeler, Heather ",South Derbyshire,"Ben Ball charity dinner for the Society of Motor Manufacturers & Traders, attended by me and my husband; å£275 per person plus å£28 taxis, total value å£578"
"25 Argyll Street, London W1F 7TU",1watson_tom.htm,16-Jun-17,watson_tom.htm,Live Nation,22-Jun-17,"company, registration 02409911(Registered 04 July 2017)","Watson, Tom (West Bromwich East)","Watson, Tom ",West Bromwich East,"Five tickets with hospitality to attend Glastonbury Festival, total value å£2,445"
"Church Road, Wimbledon, London SW19 5AE",2watson_tom.htm,05-Jul-17,watson_tom.htm,"The Championships, Wimbledon",05-Jul-17,"company, registration 7546773(Registered 20 July 2017; updated 14 August 2017)","Watson, Tom (West Bromwich East)","Watson, Tom ",West Bromwich East,"Two tickets for Wimbledon, including lunch, value å£3,790"
"Motor Sports House, Riverside Park, Colnbrook SL3 0HG",1wallace_ben.htm,16-Jul-17,wallace_ben.htm,Motor Sports Association,16-Jul-17,"company, registration 1344829(Registered 14 August 2017)6","Wallace, Mr Ben (Wyre and Preston North)","Wallace, Mr Ben ",Wyre and Preston North,"two passes and hospitality for 2017 British Grand Prix at Silverstone, value å£1,084 (å£542 per person)"
"Garavi Gujarat House, 1-2 Silex Street, London SE1 0DW",1vara_shailesh.htm,22-Jan-17,vara_shailesh.htm,Asian Media Group,22-Jan-17,"company, registration 01716184(Registered 16 February 2017)6","Vara, Mr Shailesh (North West Cambridgeshire)","Vara, Mr Shailesh ",North West Cambridgeshire,"Two tickets plus hospitality at a football match at Stamford Bridge, total value å£677.04 (å£338.52 per person)"
"Stamford Bridge, Fulham Road, London SW6 1HS",1vaizey_edward.htm,15-Aug-16,vaizey_edward.htm,Chelsea Football Club,15-Aug-16,"company, registration 1965149(Registered 16 August 2016)","Vaizey, Mr Edward (Wantage)","Vaizey, Mr Edward ",Wantage,"two tickets, including hospitality, to a football match at Chelsea Football Club, value å£1,428"
"30 Leicester Square, London WC2H 7LA",2vaizey_edward.htm,10-Jun-17,vaizey_edward.htm,This is Global,10-Jun-17,"company, registration 06251684(Registered 21 June 2017)","Vaizey, Mr Edward (Wantage)","Vaizey, Mr Edward ",Wantage,"four tickets and hospitality to Capital FM Summertime Ball with a value of å£1,000"
"271 Stansted Road, Bishop's Stortford CM23 2BT",1umunna_chuka.htm,11-Jul-16,umunna_chuka.htm,Alexandra Wood Ltd,11-Jul-16,"company, registration 07172546(Registered 23 August 2016)","Umunna, Mr Chuka (Streatham)","Umunna, Mr Chuka ",Streatham,"A suit with a value of å£1,600"
"Red Hall, Red Hall Lane, Leeds LS17 8NB",1twigg_derek.htm,08-Oct-16,twigg_derek.htm,The Rugby Football League,08-Oct-16,"company, registration 3845473(Registered 19 October 2016)","Twigg, Derek (Halton)","Twigg, Derek ",Halton,Two tickets and hospitality to the value of å£360 received for the Rugby League Grand Final
"Floor 6, 50 Eastbourne Terrace, London W2 6LG",1thomas_derek.htm,12-May-16,thomas_derek.htm,First Greater Western Ltd,12-May-16,"company, registration 05113733(Registered 19 October 2016)","Thomas, Derek (St Ives)","Thomas, Derek ",St Ives,"Two admissions including dinner at Cornwall Business Awards valued at å£120, plus one nights accommodation valued at å£165, total å£285"
"Floor 6, 50 Eastbourne Terrace, London W2 6LG",2thomas_derek.htm,22-Sep-16,thomas_derek.htm,First Greater Western Ltd,22-Sep-16,"company, registration 05113733(Registered 19 October 2016)","Thomas, Derek (St Ives)","Thomas, Derek ",St Ives,"One admission including dinner at national Rail Award valued at å£60 plus train travel valued at å£200, total å£260"
"6 Catherine St, London WC2B 5JJ",1stevenson_john.htm,1 January 2016 to 25 May 2016,stevenson_john.htm,Food and Drinks Federation, 1 January 2016 to 25 May 2016,"company, registration 210572(Registered 05 September 2016)6","Stevenson, John (Carlisle)","Stevenson, John ",Carlisle,"Hospitality at several dinners, with an estimated total value of å£850"
"30 Gloucester Place, London, W1U 8PL",1smith_royston.htm,25-Feb-17,smith_royston.htm,The Football Association Premier League Ltd,25-Feb-17,"company, registration 2719699(Registered 03 March 2017)","Smith, Royston (Southampton, Itchen)","Smith, Royston ","Southampton, Itchen","two tickets for football match on Saturday 25 February 2017, with associated hospitality, estimated value å£528"
"2nd Floor, Regent Arcade House, 19-25 Argyll Street, London W1F 7TS",1sharma_alok.htm,26‰ÛÒ28 August 2016,sharma_alok.htm,Festival Republic Ltd,26-Aug-16,"company, registration 02948536(Registered 19 September 2016)","Sharma, Alok (Reading West)","Sharma, Alok ",Reading West,"two tickets to the Reading Festival, which is held in my constituency, total value å£510"
"Winkfield Road, Ascot SL5 7HX",1robertson_laurence.htm,01-Jan-16,robertson_laurence.htm,Racecourse Association Ltd,30-Jan-16,"company, registration no 93447(Registered 29 February 2016)","Robertson, Mr Laurence (Tewkesbury)","Robertson, Mr Laurence ",Tewkesbury,"a metal badge entitling the bearer to admittance to certain horse racing meetings in the UK during 2016. The badge is not available for purchase but its estimated value is between å£0 - å£1,000, depending on usage."
"Imperial House, Imperial Drive, Rayners Lane, Harrow HA2 7JW",2robertson_laurence.htm,03-Oct-16,robertson_laurence.htm,Ladbrokes plc,03-Oct-16,"company, registration 00566221(Registered 11 October 2016)","Robertson, Mr Laurence (Tewkesbury)","Robertson, Mr Laurence ",Tewkesbury,"hospitality at Conservative Party conference for my wife and me, approx. value å£200"
"Winkfield Road, Ascot SL5 7HX",3robertson_laurence.htm,01-Jan-17,robertson_laurence.htm,Racecourse Association Ltd,01-Jan-17,"company, registration no 93447(Registered 23 January 2017)","Robertson, Mr Laurence (Tewkesbury)","Robertson, Mr Laurence ",Tewkesbury,"a metal badge entitling the bearer to admittance to certain horse racing meetings in the UK during 2017. The badge is not available for purchase but its estimated value is between å£0 - å£1,000, depending on usage."
"One Stratford Place, Montfitchet Road, London E20 1EJ",4robertson_laurence.htm,15-Mar-17,robertson_laurence.htm,Coral (part of Gala Coral Group),15-Mar-17,"company, registration 7254686(Registered 26 April 2017)","Robertson, Mr Laurence (Tewkesbury)","Robertson, Mr Laurence ",Tewkesbury,"two tickets and hospitality for my wife and me at Cheltenham Races, with a value of å£300 each, total å£600"
"5th Floor, The Zig Zag Building, 70 Victoria Street, London SW1E 6SG",5robertson_laurence.htm,16-Mar-17,robertson_laurence.htm,Ladbrokes Coral plc,16-Mar-17,"company, registration 566221(Registered 26 April 2017)","Robertson, Mr Laurence (Tewkesbury)","Robertson, Mr Laurence ",Tewkesbury,"two tickets and hospitality for my wife and me at Cheltenham Races, with a value of å£350 each, total å£700"
"75 High Holborn, London WC1V 6LS",6robertson_laurence.htm,16-Mar-17,robertson_laurence.htm,The Jockey Club,13-Mar-17,"company, registration 2909409.(Registered 26 April 2017)","Robertson, Mr Laurence (Tewkesbury)","Robertson, Mr Laurence ",Tewkesbury,"hospitality for my wife and me at Cheltenham Races, approx. total value å£600Dates received: 13 and 17 March 2017Date accepted: 13 March 2017Donor status: company, registration 2909409.(Registered 26 April 2017)"
"75 High Holborn, London WC1V 6LS",7robertson_laurence.htm,08-Apr-17,robertson_laurence.htm,The Jockey Club,08-Apr-17,"company, registration 2909409(Registered 26 April 2017)","Robertson, Mr Laurence (Tewkesbury)","Robertson, Mr Laurence ",Tewkesbury,"hospitality at Aintree Racecourse, approx. value å£1,000"
"5th Floor, The Zig Zag Building, 70 Victoria Street, London SW1E 6SQ",8robertson_laurence.htm,21-Jun-17,robertson_laurence.htm,Ladbrokes Coral Group plc,21-Jun-17,"company, registration 566221(Registered 05 July 2017)","Robertson, Mr Laurence (Tewkesbury)","Robertson, Mr Laurence ",Tewkesbury,"three tickets and hospitality for my senior parliamentary assistant, my wife and me at Ascot Racecourse, with a value of å£350 each, total å£1,050"
"Greenside House, 50 Station Road, Wood Green, London N22 7TP",9robertson_laurence.htm,23-Jun-17,robertson_laurence.htm,William Hill plc,23-Jun-17,"company, registration 4212563(Registered 05 July 2017)","Robertson, Mr Laurence (Tewkesbury)","Robertson, Mr Laurence ",Tewkesbury,"two tickets and hospitality for my wife and me at Ascot Racecourse, with a value of å£350 each, total å£700"
"100 Priory Lane, Roehampton, London SW15 5JQ",1pursglove_tom.htm,18-Nov-16,pursglove_tom.htm,Lawn Tennis Association,18-Nov-16,"company, registration 7459469(Registered 29 November 2016)","Pursglove, Tom (Corby)","Pursglove, Tom ",Corby,"two tickets and associated hospitality to ATP World Tour Finals, with a  total value of å£790 (å£395 each)"
"PO Box 72288, London SW1P 9LBEstimate of the probable value (or amount of any donation): Travel and accommodation with a value of å£2,000Destination of visit: Israel and the West BankDates of visit: 25-30 September 2016Purpose of visit: Fact finding political delegation.(Registered 20 October 2016)",1pow_rebecca.htm,,pow_rebecca.htm,Conservative Friends of Israel Ltd,,could not extract,"Pow, Rebecca (Taunton Deane)","Pow, Rebecca ",Taunton Deane,"Travel and accommodation with a value of å£2,000Destination of visit: Israel and the West BankDates of visit: 25-30 September 2016Purpose of visit: Fact finding political delegation.(Registered 20 October 2016)"
"3 Market Close, Poole BH15 1NQ",1penrose_john.htm,11-Mar-17,penrose_john.htm,Merlin Entertainments plc,11-Mar-17,"company, registration 03663168(Registered 28 March 2017)","Penrose, John (Weston-super-Mare)","Penrose, John ",Weston-super-Mare,"hospitality and rugby pass for England v Scotland at Twickenham (Calcutta Cup), value å£828"
"America House, Rumford Court, Rumford Place, Liverpool L3 9DDAmount of donation or nature of value if donation in kind: reimbursement for flights and other travel expenses, including two nights at a hotel during EU referendum campaign, value å£1,713Date received: 26 July 2016Date accepted: 26 July 2016Donor status: company, no 09245454(Registered 18 August 2016)",1paterson_owen.htm,26-Jul-16,paterson_owen.htm,UK 2020 Ltd,26-Jul-16,"company, no 09245454(Registered 18 August 2016)","Paterson, Mr Owen (North Shropshire)","Paterson, Mr Owen ",North Shropshire,"reimbursement for flights and other travel expenses, including two nights at a hotel during EU referendum campaign, value å£1,713"
"Unit 6 Down Business Park, 46 Belfast Road, Downpatrick, County Down BT30 9UPAmount of donation or nature of value if donation in kind: reimbursement of costs relating to a visit to Northern Ireland, accommodation å£126 and transport å£247.49; total å£373.49Date received: 15 September 2016Date accepted: 15 September 2016Donor status: company, registration NI 020172(Registered 23 September 2016)",2paterson_owen.htm,15-Sep-16,paterson_owen.htm,Lynn‰Ûªs Country Foods Ltd,15-Sep-16,"company, registration NI 020172(Registered 23 September 2016)","Paterson, Mr Owen (North Shropshire)","Paterson, Mr Owen ",North Shropshire,"reimbursement of costs relating to a visit to Northern Ireland, accommodation å£126 and transport å£247.49; total å£373.49"
"55 Diamond Road, Crumlin BT29 4QY",3paterson_owen.htm,10-Sep-16,paterson_owen.htm,Randox Laboratories Ltd,10-Sep-16,"company, registration NI 15738(Registered 04 October 2016)","Paterson, Mr Owen (North Shropshire)","Paterson, Mr Owen ",North Shropshire,"Dinner for my wife and me at the Randox Polo International event at Gleneagles, total value å£240."
"55 Diamond Road, Crumlin BT29 4QY",4paterson_owen.htm,17-18 September 2016,paterson_owen.htm,Randox Laboratories Ltd,17-Sep-16,"company, registration NI 15738(Registered 04 October 2016)","Paterson, Mr Owen (North Shropshire)","Paterson, Mr Owen ",North Shropshire,"Dinner at the Randox Polo event at Bushmills, NI, total value å£240 and estimated equivalent accommodation cost for two nights, value å£200; total å£440"
"America House, Rumford Court, Rumford Place, Liverpool L3 9DD",5paterson_owen.htm,04-Nov-16,paterson_owen.htm,UK 2020 Ltd,04-Nov-16,"company, registration 09245454(Registered 24 November 2016)","Paterson, Mr Owen (North Shropshire)","Paterson, Mr Owen ",North Shropshire,"reimbursement for travel expenses (å£52.67), two nights accommodation (å£157), meals and sundries (å£176.65) for UK 2020 events at Conservative Party Conference; total å£386.32"
"BBC Blackstaff House, Bruce St, Belfast BT2 7GXAmount of donation or nature of value if donation in kind: reimbursement for expenses to appear on BBC ‰Û÷Spotlight‰Ûª programme 21 March 2017; flights å£238.43; hotel å£149.90; total value å£388.33Date received: 19 April 2017Date accepted: 19 April 2017Donor status: company, registration RC000057(Registered 21 April 2017)",6paterson_owen.htm,19-Apr-17,paterson_owen.htm,BBC Northern Ireland,19-Apr-17,"company, registration RC000057(Registered 21 April 2017)","Paterson, Mr Owen (North Shropshire)","Paterson, Mr Owen ",North Shropshire,reimbursement for expenses to appear on BBC ‰Û÷Spotlight‰Ûª programme 21 March 2017; flights å£238.43; hotel å£149.90; total value å£388.33
"Quartermile Two, 2 Lister Square, Edinburgh EH3 9GL",1ohara_brendan.htm,7-8 October 2016,ohara_brendan.htm,The Scotch Whisky Association,07-Oct-16,"company, registration SC035148(Registered 21 October 2016)","O'Hara, Brendan (Argyll and Bute)","O'Hara, Brendan ",Argyll and Bute,"as part of an APPG on Scotch Whisky fact-finding visit to Islay, travel, accommodation and subsistence with a value of å£379.41"
"London Television Centre, Upper Ground, London SE1 9LT",1nokes_caroline.htm,21-Jun-17,nokes_caroline.htm,ITV Plc,22-Jun-17,"company, registration 4967001(Registered 05 July 2017)","Nokes, Caroline (Romsey and Southampton North)","Nokes, Caroline ",Romsey and Southampton North,ticket and hospitality to the Royal Ascot with a value of å£599
"177 Colinton Road, Edinburgh EH14 1BZ",1newlands_gavin.htm,14-Jul-17,newlands_gavin.htm,Tennis Scotland,14-Jul-17,"company, registration SC216962(Registered 11 August 2017)","Newlands, Gavin (Paisley and Renfrewshire North)","Newlands, Gavin ",Paisley and Renfrewshire North,"Two tickets for Wimbledon, including lunch, value å£310"
"128 Theobald‰Ûªs Road, Holborn, London WC1X 8TN",1nandy_lisa.htm,24-27 September 2016,nandy_lisa.htm, Unite the Union,24-Sep-16,"trade union(Registered 11 October 2016)                  ","Nandy, Lisa (Wigan)","Nandy, Lisa ",Wigan,"Hotel accommodation for 4 nights, value å£1,360 in total"
"Grant Way, Isleworth, Middlesex TW7 5QD",1mills_nigel.htm,14-Jul-17,mills_nigel.htm,Sky plc,14-Jul-17,"company, registration 2247735(Registered 04 August 2017)6","Mills, Nigel (Amber Valley)","Mills, Nigel ",Amber Valley,"Two tickets to test match at Trent Bridge including hospitality, value å£400"
"Beach House, Golf Place, St Andrews KY16 9JA",1mcgovern_alison.htm,21-Jul-17,mcgovern_alison.htm,R & A Championships Ltd,21-Jul-17,"company, registration SC247047(Registered 24 July 2017)                  ","McGovern, Alison (Wirral South)","McGovern, Alison ",Wirral South,"Attendance at the British Open accompanied by a guest, value å£450"
"Imperial House, Imperial Drive, Rayners Lane, Harrow HA2 7JWAmount of donation, or nature and value if donation in kind: Ticket and hospitality at the Cheltenham Festival, value å£350Date received: 16 March 2017Date accepted: 16 March 2017Donor status: company, registration 00566221(Registered 04 April 2017)",1mcginn_conor.htm,16-Mar-17,mcginn_conor.htm,Ladbrokes Coral Group plc,16-Mar-17,"company, registration 00566221(Registered 04 April 2017)","McGinn, Conor (St Helens North)","McGinn, Conor ",St Helens North,"Ticket and hospitality at the Cheltenham Festival, value å£350"
"75 High Holborn, London WC1V 6LS",2mcginn_conor.htm,08-Apr-17,mcginn_conor.htm,The Jockey Club,08-Apr-17,"company, registration RC000287(Registered 02 May 2017)","McGinn, Conor (St Helens North)","McGinn, Conor ",St Helens North,"Attended Grand National and received hospitality at Aintree Racecourse, as a guest of the Jockey Club (who own Haydock Racecourse), total value å£399"
"The London Television Centre, Upper Ground, London SE1 9LT",1matheson_christian.htm,25-Jan-17,matheson_christian.htm,ITV plc,25-Jan-17,"company, registration 4967001(Registered 13 March 2017)                  ","Matheson, Christian (City of Chester)","Matheson, Christian ",City of Chester,"ticket for the National Television Awards with a value of å£1,028"
"East Grinstead House, East Grinstead RH19 1UA",1mann_scott.htm,08-Aug-16,mann_scott.htm,The Caravan Club,12-Aug-16,"company, registration 445520(Registered 13 September 2016; updated 10 January 2017)","Mann, Scott (North Cornwall)","Mann, Scott ",North Cornwall,"use of a caravan club demonstration motorhome, equivalent cost to hire and pitch å£2,200"
"198 Seafront, Hayling Island, PO11 9HR",1mak_alan.htm,06-Aug-17,mak_alan.htm,Tournerbury Holdings Ltd,06-Aug-17,"company, registration 05564847(Registered 08 August 2017)","Mak, Mr Alan (Havant)","Mak, Mr Alan ",Havant,"use of venue for event; value å£5,940"
"77-79 Garnerville Rd, Belfast BT4 2NX",1lynch_holly.htm,30-31 May 2017,lynch_holly.htm,Police Federation of Northern Ireland,30-May-17,"other(Registered 10 July 2017)","Lynch, Holly (Halifax)","Lynch, Holly ",Halifax,"Invited to speak at the donor's annual conference in relation to my campaign against assaults on police officers. Flights å£249.94; bed and breakfast å£95, dinner å£35; lunch å£20; total value å£399.94"
"124 Horseferry Road, London SW1P 2TX",1loughton_tim.htm,12-Feb-17,loughton_tim.htm,Channel 4,12-Feb-17,"company, registration 04106849(Registered 08 March 2017)","Loughton, Tim (East Worthing and Shoreham)","Loughton, Tim ",East Worthing and Shoreham,"Tickets for my wife and me to attend the BAFTA ceremony at the Royal Albert Hall followed by official dinner, total value of å£1,840 (å£920 per person)"
"National Tennis Centre, 100 Priory Lane, Roehampton, London SW15 5JQ",1leslie_chris.htm,07-Jul-16,leslie_chris.htm,Lawn Tennis Association,07-Jul-16,"company, registration 07459469(Registered 28 November 2016)","Leslie, Chris (Nottingham East)","Leslie, Chris ",Nottingham East,Two tickets to All England Lawn Tennis Club Championships at Wimbledon; total value å£252
"National Tennis Centre, 100 Priory Lane, Roehampton, London SW15 5JQ",2leslie_chris.htm,20-Nov-16,leslie_chris.htm,Lawn Tennis Association,20-Nov-16,"company, registration 07459469(Registered 28 November 2016)","Leslie, Chris (Nottingham East)","Leslie, Chris ",Nottingham East,One ticket with hospitality to the ATP World Tour Finals; total value å£605
"Palliser Road, West Kensington, London W14 9EQ",3leslie_chris.htm,25-Jun-17,leslie_chris.htm,The Queen‰Ûªs Club,25-Jun-17,"company, registration 23072(Registered 03 July 2017)","Leslie, Chris (Nottingham East)","Leslie, Chris ",Nottingham East,"two tickets, with associated hospitality, for the Aegon Championships; total value å£630"
"Main Road, Morley, DE7 6DG",1latham_pauline.htm,29-Apr-17,latham_pauline.htm,Morley Hayes,29-Apr-17,"company, registration 02671815(Registered 02 May 2017)","Latham, Pauline (Mid Derbyshire)","Latham, Pauline ",Mid Derbyshire,"Tickets for football match, and associated hospitality, for myself and my husband, with a total value of å£400"
"Floor 2, Aspire House, Sitwell Street, Derby DE1 2JT",2latham_pauline.htm,04-Jun-17,latham_pauline.htm,3aaa Apprenticeships,04-Jun-17,"company, registration 7095168(Registered 27 June 2017)","Latham, Pauline (Mid Derbyshire)","Latham, Pauline ",Mid Derbyshire,"Tickets for a concert, and associated hospitality, for myself and my husband, with a value of å£550 per person, total å£1,100"
"30 Gloucester Place, London W1U 8PL",1lammy_david.htm,05-Apr-17,lammy_david.htm,Premier League,22-May-17,"company, registration 02719699(Registered 07 July 2017)6","Lammy, Mr David (Tottenham)","Lammy, Mr David ",Tottenham, hospitality with a value of å£528 at FA cup
"Talbot Athletic Ground, Manor St, Port Talbot SA13 1AB",1kinnock_stephen.htm,11-Feb-17,kinnock_stephen.htm,Aberavon & Port Talbot RFC Ltd,11-Feb-17,"company, registration 04180072(Registered 08 March 2017)","Kinnock, Stephen (Aberavon)","Kinnock, Stephen ",Aberavon,"Wales v England match tickets for me and my wife with a total value of å£1,280"
" 202 Kensington Church Street, London, W8 4DP",1kawczynski_daniel.htm,05-Dec-16,kawczynski_daniel.htm,Eastern Seasons Agency Ltd,05-Dec-16,"company, no 10120655(Registered 07 December 2016)","Kawczynski, Daniel (Shrewsbury and Atcham)","Kawczynski, Daniel ",Shrewsbury and Atcham,"Ticket for gala charity dinner on 5 December 2016, value å£760"
private,1jenkin_bernard.htm,11-Nov-16,jenkin_bernard.htm,David Gibbon,11-Nov-16,"individual(Registered 25 November 2016)","Jenkin, Mr Bernard (Harwich and North Essex)","Jenkin, Mr Bernard ",Harwich and North Essex,"One day‰Ûªs shooting, estimated value å£700"
"Venture Crescent, Nix's Hill Industrial Estate, Alfreton  DE55 7RA",2jenkin_bernard.htm,6-7 January 2017,jenkin_bernard.htm,EPC United Kingdom plc,06-Jan-17,"company, registration 00084170(Registered 01 February 2017)","Jenkin, Mr Bernard (Harwich and North Essex)","Jenkin, Mr Bernard ",Harwich and North Essex,"Dinner, overnight stay and a day‰Ûªs shooting with a total value of å£650"
"The Ageas Bowl, Botley Road, West End, Southampton SO30 3XH",1jayawardena_ranil.htm,27-May-17,jayawardena_ranil.htm,Hampshire Cricket Ltd,27-May-17,"company, registration 4343355(Registered 23 June 2017)","Jayawardena, Mr Ranil (North East Hampshire)","Jayawardena, Mr Ranil ",North East Hampshire,"two tickets, with hospitality, for the England v South Africa ODI, with an approx. value å£800"
"25 Victoria Street, London SW1H 0EX",2jayawardena_ranil.htm,16-Jul-17,jayawardena_ranil.htm,Boeing Defence UK Ltd,16-Jul-17,"company, registration 01290439(Registered 09 August 2017)","Jayawardena, Mr Ranil (North East Hampshire)","Jayawardena, Mr Ranil ",North East Hampshire,"For myself and a guest, tickets for hospitality area and refreshments at the Royal International Air Tattoo with a total value of å£408"
"100 New Bridge Street, London EC4V 6JA",3jayawardena_ranil.htm,16-Jul-17,jayawardena_ranil.htm,L-3 Communications ASA Ltd,16-Jul-17,"company, registration 1730717(Registered 09 August 2017)","Jayawardena, Mr Ranil (North East Hampshire)","Jayawardena, Mr Ranil ",North East Hampshire,"For myself and a guest, tickets for hospitality area and refreshments at the Royal International Air Tattoo with a total value of å£408"
"The Ageas Bowl, Botley Road, West End, Southampton SO30 3XH",4jayawardena_ranil.htm,10-Aug-17,jayawardena_ranil.htm,Hampshire Cricket Ltd,10-Aug-17,"company, registration 4343355(Registered 18 August 2017)","Jayawardena, Mr Ranil (North East Hampshire)","Jayawardena, Mr Ranil ",North East Hampshire,"one ticket, with hospitality, for the Hampshire v Glamorgan T20, with an approximate value of å£102"
"25 Victoria Street, London SW1H 0EX",5jayawardena_ranil.htm,08-Aug-17,jayawardena_ranil.htm,Boeing Defence UK Ltd,08-Aug-17,"company, registration 01290439(Registered 18 August 2017)","Jayawardena, Mr Ranil (North East Hampshire)","Jayawardena, Mr Ranil ",North East Hampshire,Breakfast for a staff member and myself with a total value of approx. å£20
"124 Horseferry Road, London SW1P 2TX",1huddleston_nigel.htm,12-Feb-17,huddleston_nigel.htm,Channel 4,12-Feb-17,"company, registration 04106849(Registered 07 March 2017)","Huddleston, Nigel (Mid Worcestershire)","Huddleston, Nigel ",Mid Worcestershire,"in my capacity as a member of the Culture, Media and Sport Committee, hospitality for myself and my wife at the BAFTAs with a total value of å£1,840 (å£920 per person)"
"Gunnels Wood Road, Stevenage SG1 2AS",1howell_john.htm,15-Jul-17,howell_john.htm,Airbus Defence and Space Ltd,15-Jul-17,"company, registration 2449259(Registered 19 July 2017)                  ","Howell, John (Henley)","Howell, John ",Henley,"Hospitality at the Royal International Air Tattoo for myself and a member of staff, total value å£338"
"Tannadice Park, Dundee DD3 7JW",1hosie_stewart.htm,05-Jul-15,hosie_stewart.htm,Dundee United Football Club,05-Jul-15,"company, registration SCO13690(Registered 14 October 2016)","Hosie, Stewart (Dundee East)","Hosie, Stewart ",Dundee East,"Entry to Tannadice and hospitality for the season, value å£500"
"Tannadice Park, Dundee DD3 7JW",2hosie_stewart.htm,06-Aug-16,hosie_stewart.htm,Dundee United Football Club,06-Aug-16,"company, registration SCO13690(Registered 14 October 2016)                  ","Hosie, Stewart (Dundee East)","Hosie, Stewart ",Dundee East,"Entry to Tannadice and hospitality for the current season for myself and an occasional guest, value å£500"
"St Christopher‰Ûªs Way, Burnham on Sea TA8 2PE",1heappey_james.htm,14-Jul-16,heappey_james.htm,Burnham & Berrow Golf Club Ltd,14-Jul-16,"company, registration 02868040(Registered 14 July 2016; updated 02 August 2017)","Heappey, James (Wells)","Heappey, James ",Wells,"Honorary golf club membership for the duration of my time as an MP, annual value å£1,050 in 2017"
"Severn Lodge, Alvington GL15 6BQ",2heappey_james.htm,"24 November 2016Donor status: company, registration 08903969(Registered 16 December 2016)",heappey_james.htm,The Events Industry Forum Ltd,24 November 2016Date received: 24 November 2016,"company, registration 08903969(Registered 16 December 2016)","Heappey, James (Wells)","Heappey, James ",Wells,"two tickets for the NOEA Awards Evening with a value of å£372, plus hotel stay worth å£180, total value å£552Date accepted: 24 November 2016"
"Longford House, 19 Mount Ephraim Rd, Tunbridge Wells TN1 1EN",3heappey_james.htm,03-Mar-17,heappey_james.htm,Davies Tanner,03-Mar-17,"company, registration 6135583(Registered 20 March 2017)","Heappey, James (Wells)","Heappey, James ",Wells,"two tickets for the Meetings and Incentive Travel Awards, value å£510"
"Coldra Woods, Newport, South Wales NP18 1HQ",4heappey_james.htm,23-Jun-17,heappey_james.htm,ICC Wales,23-Jun-17,"company, registration 08829779(Registered 14 July 2017)","Heappey, James (Wells)","Heappey, James ",Wells,Hospitality and overnight stay at the Celtic Manor totalling å£330
"Building 530 Bristol Business Park, The Crescent, Coldharbour Lane, Bristol BS16 1EJ",5heappey_james.htm,15-Jul-17,heappey_james.htm,Boeing Defence UK,15-Jul-17,"company, registration 01290439(Registered 03 August 2017)","Heappey, James (Wells)","Heappey, James ",Wells,Two tickets for the Royal International Air Tattoo with a total value of å£340 (å£170 each)
"30 Gloucester Place, London W1U 8PL",1hands_greg.htm,22-Apr-17,hands_greg.htm,The Football Association Premier League Ltd,22-Apr-17,"company, registration 02719699(Registered 27 April 2017)","Hands, Greg (Chelsea and Fulham)","Hands, Greg ",Chelsea and Fulham,"three tickets and hospitality to FA Cup Semi-Final (Chelsea v Tottenham Hotspur), total value å£792"
"Stamford Bridge, London SW6 1HS",2hands_greg.htm,21-May-17,hands_greg.htm,Chelsea Football Club Ltd,21-May-17,"company, registration 01965149(Registered 04 July 2017)6","Hands, Greg (Chelsea and Fulham)","Hands, Greg ",Chelsea and Fulham,"2 tickets to Chelsea v Sunderland, including hospitality in the Director's Box, with an estimated total value of å£600"
private,1hammond_philip.htm,27-Nov-16,hammond_philip.htm,Mr Andrew Taee,27-Nov-16,"individual(Registered 19 December 2016)6","Hammond, Mr Philip (Runnymede and Weybridge)","Hammond, Mr Philip ",Runnymede and Weybridge,"Dinner for my wife and me, value å£800 in total"
"PO Box 72288, London SW1P 9LB",1halfon_robert.htm,1-5 October 2016,halfon_robert.htm,Conservative Friends of Israel Ltd,01-Oct-16,"company, registration 08114952(Registered 08 November 2016)                  ","Halfon, Robert (Harlow)","Halfon, Robert ",Harlow,"Hotel accommodation during Conservative Party Conference, total value å£1,200"
"124 Horseferry Road, London SW1P 2TX",1haigh_louise.htm,11-Feb-17,haigh_louise.htm,Channel Four Television Company Ltd,11-Feb-17,"company, registration 01533774(Registered 02 May 2017)","Haigh, Louise (Sheffield, Heeley)","Haigh, Louise ","Sheffield, Heeley","In my role as Shadow Minister for Culture, Media and Sport, two tickets and hospitality at the British Film and Television Awards ceremony, value å£1,840"
"4th floor, 49 Whitehall, London SW1A 2BXAmount of donation, or nature and value if donation in kind: Two tickets for Glastonbury, value å£900, received because of my role in relation to DCMSDate received: 21 June 2017Date accepted: 21 June 2017Donor status: company, registration 03245288(Registered 07 July 2017)",2haigh_louise.htm,21-Jun-17,haigh_louise.htm,UK Music,21-Jun-17,"company, registration 03245288(Registered 07 July 2017)","Haigh, Louise (Sheffield, Heeley)","Haigh, Louise ","Sheffield, Heeley","Two tickets for Glastonbury, value å£900, received because of my role in relation to DCMS"
"4th floor, 49 Whitehall, London SW1A 2BXAmount of donation, or nature and value if donation in kind: Ticket and hospitality for the Ivor Novello awards, value å£370, received because of my role in relation to DCMSDate received: 18 May 2017Date accepted: 18 May 2017Donor status: company, registration 03245288(Registered 07 July 2017)",3haigh_louise.htm,18-May-17,haigh_louise.htm,UK Music,18-May-17,"company, registration 03245288(Registered 07 July 2017)","Haigh, Louise (Sheffield, Heeley)","Haigh, Louise ","Sheffield, Heeley","Ticket and hospitality for the Ivor Novello awards, value å£370, received because of my role in relation to DCMS"
"45 Mortimer Street, London W1W 8HJ",4haigh_louise.htm,24-Jul-17,haigh_louise.htm,Lions Gate UK Ltd,24-Jul-17,"company, registration 04046807(Registered 18 August 2017)","Haigh, Louise (Sheffield, Heeley)","Haigh, Louise ","Sheffield, Heeley","Two tickets with hospitality to see the film Valerian, value å£500, received because of my role in relation to DCMS"
"Law Building, Museum Avenue, Cardiff CF10 3AX",1grieve_dominic.htm,17-18 November 2016,grieve_dominic.htm,Cardiff School of Law and Politics,17-18 November 2016,"other(Registered 13 December 2016)","Grieve, Mr Dominic (Beaconsfield)","Grieve, Mr Dominic ",Beaconsfield,"First class rail ticket, accommodation and dinner associated with delivery of annual public law lecture, to a value of å£531"
private,1greenwood_margaret.htm,20 April - 8 June 2017,greenwood_margaret.htm,Barbara Gleave,20-Apr-17,"individual(Registered 07 July 2017)                  ","Greenwood, Margaret (Wirral West)","Greenwood, Margaret ",Wirral West,"Accommodation during the general election campaign, value å£700"
"Church Road, London SW19 5AE",1greening_justine.htm,07-Jul-17,greening_justine.htm,All England Lawn Tennis Club,07-Jul-17,"company, registration 07546773(Registered 07 August 2017)","Greening, Justine (Putney)","Greening, Justine ",Putney,"Two seats in the Royal Box at the Wimbledon championships, and associated hospitality; estimated value å£4,100"
private,1green_damian.htm,12-Nov-16,green_damian.htm,Mark Quinn,12-Nov-16,"individual(Registered 18 November 2016)                  ","Green, Damian (Ashford)","Green, Damian ",Ashford,"Ticket with hospitality for a rugby international at Twickenham, value å£599.70"
"Woodcote Park Clubhouse, Wilmerhatch Lane, Epsom KT 18 7EW",1grayling_chris.htm,01-Jan-13,grayling_chris.htm,Royal Automobile Club,01-Jan-13,"company, registration 3570702(Registered 11 May 2013; updated 04 August 2016)","Grayling, Chris (Epsom and Ewell)","Grayling, Chris ",Epsom and Ewell,"honorary membership for the duration of my time as the MP for Epsom and Ewell, valued at å£1,600 per annum"
Surrey KT18 5LQ,2grayling_chris.htm,01-Jan-13,grayling_chris.htm,Epsom Downs Racecourse,01-Jan-13,"company, registration 01752969(Registered 26 July 2016)","Grayling, Chris (Epsom and Ewell)","Grayling, Chris ",Epsom and Ewell,"two racecourse passes for 2016, total value å£450Date of receipt: 6 June 2016Date of acceptance: 6 June 2016Donor status: company, registration 01752969(Registered 26 July 2016)"
"30 Gloucester Place, London, W1U 8PL",3grayling_chris.htm,05-Aug-16,grayling_chris.htm,FA Premier League,05-Aug-16,"company, registration 02719699(Registered 18 August 2016)","Grayling, Chris (Epsom and Ewell)","Grayling, Chris ",Epsom and Ewell,"two tickets with hospitality for the FA Community Shield, estimated value å£350"
"30 Gloucester Place, London W1U 8PL",4grayling_chris.htm,26-Feb-17,grayling_chris.htm,FA Premier League,26-Feb-17,"company, registration 02719699(Registered 02 May 2017)6","Grayling, Chris (Epsom and Ewell)","Grayling, Chris ",Epsom and Ewell,"two tickets with hospitality for the EFL Cup final, estimated value å£350"
"Craigneuk Avenue, Airdrie ML6 8QZ",1gray_neil.htm,24-Jun-17,gray_neil.htm,Excelsior Stadium Ltd,24-Jun-17,"company, registration SC340763(Registered 28 June 2017)","Gray, Neil (Airdrie and Shotts)","Gray, Neil ",Airdrie and Shotts,"two hospitality tickets to see Elton John concert held within constituency, value å£250 each, total value å£500."
"House of Commons, London SW1A 0AA",1gray_james.htm,1 January 2016 to 2 December 2016,gray_james.htm,APPG for the Armed Forces,1 January 2016 to 2 December 2016,"other(Registered 24 October 2016; updated 05 December 2016)","Gray, James (North Wiltshire)","Gray, James ",North Wiltshire,six dinners value å£40 each; thirteen breakfasts value å£14.25 each; total å£425.25
"PO Box 1010, Uxbridge UB8 9NT",2gray_james.htm,07-Nov-16,gray_james.htm,APCOA Parking,07-Nov-16,"company, registration 2572947(Registered 07 November 2016)","Gray, James (North Wiltshire)","Gray, James ",North Wiltshire,12 month season ticket for car parking at Chippenham Station; value å£944
"House of Commons, London, SW1A 0AA",3gray_james.htm,1 January 2017 to 31 July 2017,gray_james.htm,APPG for the Armed Forces,1 January 2017 to 31 July 2017,"other(Registered 09 August 2017)","Gray, James (North Wiltshire)","Gray, James ",North Wiltshire,eight dinners value å£40 each; three breakfasts value å£14.25 each; total å£362.75
"Quartermile Two, 2 Lister Square, Edinburgh EH3 9GL",1grady_patrick.htm,7-8 October 2016,grady_patrick.htm,The Scotch Whisky Association,07-Oct-16,"company, registration SC035148(Registered 19 October 2016)                  ","Grady, Patrick (Glasgow North)","Grady, Patrick ",Glasgow North,"as part of an APPG on Scotch Whisky fact-finding visit to Islay, travel, accommodation and subsistence with a value of å£379.41"
"1 London Bridge Street, London SE1 9GF",1gove_michael.htm,14-15 October 2016,gove_michael.htm,The Times Newspapers,14-Oct-16,"company, registration 894646(Registered 17 November 2016)","Gove, Michael (Surrey Heath)","Gove, Michael ",Surrey Heath,"Whilst attending The Times Cheltenham Festival, two nights accommodation for myself plus one nights accommodation for two guests, total value å£850"
"Central St Giles, St Giles High Street, London WC2H 8NU",1ghani_nusrat.htm,12-Feb-17,ghani_nusrat.htm,NBC Universal International,12-Feb-17,"company, registration 04415234(Registered 24 February 2017)","Ghani, Nusrat (Wealden)","Ghani, Nusrat ",Wealden,"one ticket for the BAFTA Film Awards and Dinner, value: å£1,239"
"69 St James's Street, London SW1A 1PJ.",1field_mark.htm,31-Dec-14,field_mark.htm,Carlton Club,31-Dec-14,"company, registration 00573221(Registered 26 January 2012; updated 5 February 2013, 17 March 2014, 12 August 2015 and 9 September 2016)","Field, Mark (Cities of London and Westminster)","Field, Mark ",Cities of London and Westminster,"renewal of honorary membership; value å£1,350Date of receipt of donation: 31 December 2014Date of acceptance of donation: 31 December 2014Donor status: company, registration 00573221(Registered 26 January 2012; updated 5 February 2013, 17 March 2014, 12 August 2015 and 9 September 2016)"
"Pall Mall Clubhouse, 89 Pall Mall, London SW1Y 5HS",2field_mark.htm,9 December 2014; renewed 18 November 2016,field_mark.htm,Royal Automobile Club,09-Dec-14,"company, registration 03570702(Registered 17 December 2013; updated 10 December 2014, 18 November 2015 and 02 February 2017)","Field, Mark (Cities of London and Westminster)","Field, Mark ",Cities of London and Westminster,"renewal of honorary membership; value å£1,535Date of receipt of donation: 9 December 2014; renewed 18 November 2016Date of acceptance of donation: 9 December 2014Donor status: company, registration 03570702(Registered 17 December 2013; updated 10 December 2014, 18 November 2015 and 02 February 2017)"
"Whitehall Place, London SW1A 2HE",1farron_tim.htm,01-Aug-15,farron_tim.htm,National Liberal Club,01-Aug-15,"friendly society(Registered 10 August 2015)                  ","Farron, Tim (Westmorland and Lonsdale)","Farron, Tim ",Westmorland and Lonsdale,honorary life membership as Leader of the Liberal Democrats; value å£735 pa plus å£367.50 entrance fee.
"Lord's Cricket Ground, London NW8 8QZ",1fallon_michael.htm,16-Jul-16,fallon_michael.htm,England and Wales Cricket Board,16-Jul-16,"company, registration 3251364(Registered 08 August 2016)","Fallon, Sir Michael (Sevenoaks)","Fallon, Sir Michael ",Sevenoaks,"two tickets with hospitality, total value of å£400"
"Twickenham Stadium, 200 Whitton Road, Twickenham TW2 7BA",2fallon_michael.htm,11-Mar-17,fallon_michael.htm,Rugby Football Union (RFU),11-Mar-17,"other(Registered 17 March 2017)","Fallon, Sir Michael (Sevenoaks)","Fallon, Sir Michael ",Sevenoaks,"Two tickets with hospitality for myself and my wife for the Six Nations England vs Scotland match, value å£608"
"Grant Way, Isleworth TW7 5QD",3fallon_michael.htm,09-Jul-17,fallon_michael.htm,Sky,09-Jul-17,"company, registration 02247735(Registered 12 July 2017)","Fallon, Sir Michael (Sevenoaks)","Fallon, Sir Michael ",Sevenoaks,"Two tickets with hospitality for the England vs South Africa test match at Lords, value å£392"
"Shire Hill, Saffron Walden CB11 3AQ",4fallon_michael.htm,29-Jul-17,fallon_michael.htm,LPA Group,29-Jul-17,"company, registration 00686429(Registered 01 August 2017)","Fallon, Sir Michael (Sevenoaks)","Fallon, Sir Michael ",Sevenoaks,"One ticket with hospitality for the England vs South Africa Test Match at the Oval, value å£399"
"Beach House, Golf Place, St Andrews, Scotland, KY16 9JA",1evans_nigel.htm,22-Jul-17,evans_nigel.htm,R&A Championships Limited,22-Jul-17,"company, registration SC247047(Registered 09 August 2017)","Evans, Mr Nigel (Ribble Valley)","Evans, Mr Nigel ",Ribble Valley," Two tickets to attend The Open at Royal Birkdale, and associated hospitality; total value å£550"
"National Tennis Centre, 100 Priory Lane, Roehampton, London SW15 5JQ",1evans_chris.htm,20-Nov-16,evans_chris.htm,Lawn Tennis Association,20-Nov-16,"company, registration 07459469(Registered 02 December 2016)                  ","Evans, Chris (Islwyn)","Evans, Chris ",Islwyn,"One ticket with hospitality to the ATP World Tour Finals, total value å£605"
"Roadway House, Bretton Way, Bretton, Peterborough PE3 8DD",1elphicke_charlie.htm,17-Jan-17,elphicke_charlie.htm,Road Haulage Association,17-Jan-17,"company, registration 391886(Registered 29 June 2017)                  ","Elphicke, Charlie (Dover)","Elphicke, Charlie ",Dover,"secondment of parliamentary researcher from 17 January 2017 to 17 January 2018, value å£22,577"
"Floor 2, Wellington House, 125-130 Strand, London WC2R 0AP",1doughty_stephen.htm,10-Jul-16,doughty_stephen.htm,Airbus Group UK,10-Jul-16,"company, registration 02473840(Registered 31 August 2016)","Doughty, Stephen (Cardiff South and Penarth)","Doughty, Stephen ",Cardiff South and Penarth,"three tickets to the Royal International Air Tattoo plus hospitality, value å£318 (å£106 per person)"
"Floor 2, Wellington House, 125-130 Strand, London WC2R 0AP",2doughty_stephen.htm,16-Jul-17,doughty_stephen.htm,Airbus Group UK,16-Jul-17,"company, registration 02473840(Registered 18 July 2017)","Doughty, Stephen (Cardiff South and Penarth)","Doughty, Stephen ",Cardiff South and Penarth,"three tickets to the Royal International Air Tattoo 2017, plus hospitality with a value of å£510 (å£170 per person), also an Airbus Pen (å£43) and A400M Model (å£43.99), total value å£596.99"
"privateAmount of donation, or nature and value if donation in kind: healthcare with a value of å£3,402Date received: 12 January 2017Date accepted: 12 January 2017Donor status: individual(Registered 10 July 2017)",1donelan_michelle.htm,12-Jan-17,donelan_michelle.htm,Grahame Berkeley,12-Jan-17,"individual(Registered 10 July 2017)","Donelan, Michelle (Chippenham)","Donelan, Michelle ",Chippenham,"healthcare with a value of å£3,402"
"Quartermile Two, 2 Lister Square, Edinburgh EH3 9GL",1docherty-hughes_martin.htm,07-Oct-16,docherty-hughes_martin.htm,The Scotch Whisky Association,07-Oct-16,"company, registration SC035148(Registered 09 November 2016)                  ","Docherty-Hughes, Martin (West Dunbartonshire)","Docherty-Hughes, Martin ",West Dunbartonshire,"as part of an APPG on Scotch Whisky fact-finding visit to Islay, travel, accommodation and food from 7 to 8 October 2-016,  with a value of å£379.41"
"Imperial House, Imperial Drive, Rayners Lane, Harrow HA2 7JW",1davies_philip.htm,01-Aug-16,davies_philip.htm,Ladbrokes plc,07-Aug-16,"company, registration 00566221(Registered 11 August 2016)","Davies, Philip (Shipley)","Davies, Philip ",Shipley,"three tickets for the Community Shield at Wembley Stadium with a value of å£45 each, total å£135"
"Imperial House, Imperial Drive, Rayners Lane, Harrow HA2 7JW",2davies_philip.htm,01-Sep-16,davies_philip.htm,Ladbrokes plc,10-Sep-16,"company, registration 00566221(Registered 13 September 2016)","Davies, Philip (Shipley)","Davies, Philip ",Shipley,"two tickets with hospitality to St Leger Races, value å£500 (å£250 each)"
"Imperial House, Imperial Drive, Rayners Lane, Harrow HA2 7JW",3davies_philip.htm,26-Sep-16,davies_philip.htm,Ladbrokes plc,03-Oct-16,"company, registration 00566221(Registered 17 October 2016)","Davies, Philip (Shipley)","Davies, Philip ",Shipley," Two  invitations to Ladbrokes dinner at Conservative party conference, with a value of å£100 each; total value å£200"
"One Stratford Place, Montfitchet Road, London E20 1EJ",4davies_philip.htm,27-Sep-16,davies_philip.htm,Coral (part of Gala Coral Group),08-Oct-16,"company, registration 7254686(Registered 18 October 2016)","Davies, Philip (Shipley)","Davies, Philip ",Shipley,"two tickets and hospitality at Coral Sprint Trophy in York, with a value of å£250 each, total å£500"
"One Stratford Place, Montfitchet Road, London E20 1EJ",5davies_philip.htm,08-Mar-17,davies_philip.htm,Coral (part of Gala Coral Group),15-Mar-17,"company, registration 7254686(Registered 28 March 2017)","Davies, Philip (Shipley)","Davies, Philip ",Shipley,"two tickets and hospitality at Cheltenham Races, with a value of å£300 each, total å£600"
"Imperial House, Imperial Drive, Rayners Lane, Harrow HA2 7JW",6davies_philip.htm,09-Mar-17,davies_philip.htm,Ladbrokes plc,16-Mar-17,"company, registration 00566221(Registered 28 March 2017)","Davies, Philip (Shipley)","Davies, Philip ",Shipley,"two tickets and hospitality at Cheltenham Races, with a value of å£350 each, total å£700"
"One Stratford Place, Montfitchet Road, London E20 1EJ",7davies_philip.htm,14-Jun-17,davies_philip.htm,Coral (part of Gala Coral Group),21-Jun-17,"company, registration 7254686(Registered 11 July 2017)","Davies, Philip (Shipley)","Davies, Philip ",Shipley,"one ticket to Royal Ascot, with a value of å£700"
"50 Station Road, Wood Green, London N22 7TP",8davies_philip.htm,16-Jun-17,davies_philip.htm,William Hill,23-Jun-17,"company, registration 04212563(Registered 11 July 2017)","Davies, Philip (Shipley)","Davies, Philip ",Shipley,two tickets to Royal Ascot with a value of å£700 (å£350 per person)
"2 Wellington Place, Leeds LS1 4AP",9davies_philip.htm,14-Mar-17,davies_philip.htm,Skybet (Hestview Ltd),14-Mar-17,"company, registration 01100741(Registered 12 July 2017)","Davies, Philip (Shipley)","Davies, Philip ",Shipley,two tickets for Cheltenham with a value of å£250 (å£125 each)
"2 Wellington Place, Leeds LS1 4AP",10davies_philip.htm,20-May-17,davies_philip.htm,Skybet (Hestview Ltd),20-May-17,"company, registration 01100741(Registered 12 July 2017)","Davies, Philip (Shipley)","Davies, Philip ",Shipley,three tickets for League 1 Play Off with a value of å£255 (å£85 each)
"One Stratford Place, Montfitchet Road, London E20 1EJ",11davies_philip.htm,01-Jul-17,davies_philip.htm,Coral (part of Gala Coral Group),08-Jul-17,"company, registration 7254686(Registered 25 July 2017)","Davies, Philip (Shipley)","Davies, Philip ",Shipley,two tickets to Coral Eclipse with a value of å£350 (å£175 each)
"The London Television Centre, Upper Ground, London SE1 9LT",1davies_mims.htm,25-Jan-17,davies_mims.htm,ITV plc,25-Jan-17,"company, registration 4967001(Registered 30 January 2017)","Davies, Mims (Eastleigh)","Davies, Mims ",Eastleigh,"ticket to the National Television Awards, including food and drink, value å£1,028"
"The London Television Centre, Upper Ground, London SE1 9LTAmount of donation, or nature and value if donation in kind: Two tickets to the Six Nations Rugby, and accompanying hospitality, value å£2,012Date received: 11 March 2017Date accepted: 11 March 2017Donor status: company, registration 4967001(Registered 28 March 2017)",2davies_mims.htm,11-Mar-17,davies_mims.htm,ITV plc,11-Mar-17,"company, registration 4967001(Registered 28 March 2017)","Davies, Mims (Eastleigh)","Davies, Mims ",Eastleigh,"Two tickets to the Six Nations Rugby, and accompanying hospitality, value å£2,012"
"The London Television Centre, Upper Ground, London SE1 9LT",3davies_mims.htm,22-Jun-17,davies_mims.htm,ITV plc,22-Jun-17,"company, registration 4967001(Registered 20 July 2017)6","Davies, Mims (Eastleigh)","Davies, Mims ",Eastleigh,"Ticket to Royal Ascot, with accompanying hospitality, value å£718.80"
"Beach House, Golf Place, St. Andrews KY16 9JA",1davies_glyn.htm,20-Jul-17,davies_glyn.htm,R & A Championships Ltd,20-Jul-17,"company, registration SC247047(Registered 03 August 2017)","Davies, Glyn (Montgomeryshire)","Davies, Glyn ",Montgomeryshire,"Two tickets and hospitality to the Open at Royal Birkdale, total value å£450"
"Red Hall, Red Hall Lane, Leeds LS17 8NB",1crabb_stephen.htm,08-Oct-16,crabb_stephen.htm,The Rugby Football League Ltd,08-Oct-16,"company, registration 3845473(Registered 04 November 2016)","Crabb, Stephen (Preseli Pembrokeshire)","Crabb, Stephen ",Preseli Pembrokeshire,Two tickets and hospitality at Old Trafford with a value of å£360
"Capestone Farm, Walwyn's Castle, Haverfordwest SA62 3DY",2crabb_stephen.htm,11-Oct-16,crabb_stephen.htm,Capestone Organic Poultry Ltd,11-Oct-16,"company, registration 03693186(Registered 07 November 2016)","Crabb, Stephen (Preseli Pembrokeshire)","Crabb, Stephen ",Preseli Pembrokeshire,"Two M & S Charity Ball tickets with a value of å£2,000"
"Stradey Park Business Centre, Llangennech, Llanelli SA14 8YP",3crabb_stephen.htm,12-Nov-16,crabb_stephen.htm,Hydro Industries Ltd,12-Nov-16,"company, registration 07364156(Registered 08 December 2016)","Crabb, Stephen (Preseli Pembrokeshire)","Crabb, Stephen ",Preseli Pembrokeshire,"Four tickets with hospitality for the Wales v Argentina match at the Principality Stadium, Cardiff, value å£833.36"
" Building 630, Bristol Business Park, The Crescent, Coldharbour Lane, Bristol BS16 1EJ?",1courts_robert.htm,14-Jul-17,courts_robert.htm,Boeing Defence UK,14-Jul-17,"company, registration no 01290439(Registered 16 August 2017)","Courts, Robert (Witney)","Courts, Robert ",Witney,"For myself and a staff member, tickets for hospitality area and refreshments at the Royal International Air Tattoo with a total value of å£340 plus VAT (å£170 plus VAT each)"
"House of Commons, London SW1A 0AA",2courts_robert.htm,1 January 2017 to 31 July 2017,courts_robert.htm,APPG for the Armed Forces,1 January 2017 to 31 July 2017,"other(Registered 16 August 2017)","Courts, Robert (Witney)","Courts, Robert ",Witney,eleven dinners value å£40 each; four breakfasts value å£14.25 each; total å£ 497.00
"Worthy Farm, Pilton, Shepton Mallet BA4 4BY",1corbyn_jeremy.htm,24-Jun-17,corbyn_jeremy.htm,Glastonbury Festivals Events Ltd,24-Jun-17,"company, registration 04348175(Registered 07 July 2017)                  ","Corbyn, Jeremy (Islington North)","Corbyn, Jeremy ",Islington North,"Two tickets to Glastonbury, total value å£476, given to a member of my family"
"Stamford Bridge, Fulham Road, London, SW6 1HS",1collins_damian.htm,23-Oct-16,collins_damian.htm,Chelsea Football Club,23-Oct-16,"company, registration 1965149(Registered 23 February 2017)","Collins, Damian (Folkestone and Hythe)","Collins, Damian ",Folkestone and Hythe,"a ticket to watch Chelsea v Man Utd, total value including hospitality å£714"
"124-126 Horseferry Rd, Westminster, London SW1P 2TX",2collins_damian.htm,11-Feb-17,collins_damian.htm,Channel 4,11-Feb-17,"company, registration 01533774(Registered 24 February 2017)","Collins, Damian (Folkestone and Hythe)","Collins, Damian ",Folkestone and Hythe,"two tickets to the BAFTAs, total value including hospitality å£1,840"
"The London Television Centre, Upper Ground, London SE1 9LT",3collins_damian.htm,25-Jan-17,collins_damian.htm,ITV plc,25-Jan-17,"company, registration 4967001(Registered 31 March 2017)","Collins, Damian (Folkestone and Hythe)","Collins, Damian ",Folkestone and Hythe,"ticket, including hospitality, for the National Television Awards with a value of å£1,028"
"2 Pancras Square, London N1C 4AG",4collins_damian.htm,23-Jun-17,collins_damian.htm,PRS for Music,23-Jun-17,"company, registration 03444246(Registered 31 July 2017)","Collins, Damian (Folkestone and Hythe)","Collins, Damian ",Folkestone and Hythe,"two tickets, including hospitality, for the Glastonbury Festival value with a value of å£1,108.32"
"Imperial House, Imperial Drive, Rayners Lane, Harrow HA2 7JW",1coffey_therese.htm,17-Jun-16,coffey_therese.htm,Ladbrokes Betting & Gaming Ltd,17-Jun-16,"company, registration 775667(Registered 30 September 2016; updated 13 October 2016)","Coffey, Dr ThÌ©rÌ¬se (Suffolk Coastal)","Coffey, Dr ThÌ©rÌ¬se ",Suffolk Coastal,"for a member of staff and myself, hospitality at Royal Ascot with a value of å£640 (å£320 per person)"
"Imperial House, Imperial Drive, Rayners Lane, Harrow HA2 7JW",2coffey_therese.htm,10-Sep-16,coffey_therese.htm,Ladbrokes Betting & Gaming Ltd,10-Sep-16,"company, registration 775667(Registered 30 September 2016)","Coffey, Dr ThÌ©rÌ¬se (Suffolk Coastal)","Coffey, Dr ThÌ©rÌ¬se ",Suffolk Coastal,hospitality received at Doncaster Races with a value of å£250
"16 Old Queen Street, London SW1H 9HP",3coffey_therese.htm,03-Oct-16,coffey_therese.htm,Huawei Technologies Co. Ltd,03-Oct-16,"company, registration 04295981(Registered 21 October 2016)","Coffey, Dr ThÌ©rÌ¬se (Suffolk Coastal)","Coffey, Dr ThÌ©rÌ¬se ",Suffolk Coastal,conference business dinner with a value of å£400
"The London Television Centre, Upper Ground, London SE1 9LT",4coffey_therese.htm,08-Apr-17,coffey_therese.htm,ITV plc,08-Apr-17,"company, registration 4967001(Registered 02 May 2017)6","Coffey, Dr ThÌ©rÌ¬se (Suffolk Coastal)","Coffey, Dr ThÌ©rÌ¬se ",Suffolk Coastal,"hospitality for me and a guest to the Grand National, total value å£1,125.60"
"Grant Way, Isleworth TW7 5QD",1coaker_vernon.htm,14-Jul-17,coaker_vernon.htm,Sky UK Ltd,14-Jul-17,"company, registration 2906991(Registered 01 August 2017)","Coaker, Vernon (Gedling)","Coaker, Vernon ",Gedling,"Two tickets to Test Match at Trent Bridge, total value å£400"
"Marford Mill, Rossett, Wrexham LL12 0HL",1clifton-brown_geoffrey.htm,16-Dec-16,clifton-brown_geoffrey.htm,British Association for Shooting and Conservation (BASC),16-Dec-16,"Registered Industrial and Provident Society No 28488R(Registered 19 December 2016; updated 10 January 2017)6","Clifton-Brown, Geoffrey (The Cotswolds)","Clifton-Brown, Geoffrey ",The Cotswolds,"one day‰Ûªs shooting at Catton Hall (å£650), South Derbyshire and one night‰Ûªs accommodation (å£176.73) at Hoar Cross Hall Hotel Staffordshire; total value å£826.73Date of receipt of donation: 16 December 2016Date of acceptance of donation: 16 December 2016Donor status: Registered Industrial and Provident Society No 28488R(Registered 19 December 2016; updated 10 January 2017)6"
"Riverside Park, Colnbrook SL3 0HG",1clarke_kenneth.htm,16-Jul-17,clarke_kenneth.htm,Motor Sports Association,16-Jul-17,"company, registration 1344829(Registered 02 August 2017)                  ","Clarke, Mr Kenneth (Rushcliffe)","Clarke, Mr Kenneth ",Rushcliffe,"Two tickets for British Grand Prix and hospitality and one ticket for each of the two practice session days with a total value of å£2,168"
"23 King Street, St James', London SW1Y 8QY",1chope_christopher.htm,08-Jul-16,chope_christopher.htm,L3 Communications,08-Jul-16,"company, registration number 04507278(Registered 31 August 2016)","Chope, Mr Christopher (Christchurch)","Chope, Mr Christopher ",Christchurch,"Hospitality for myself and my wife at Fairford Air Tattoo, total estimated value å£350"
"17 White House Grove, Elvington, York YO41 4AL",1burden_richard.htm,31-Mar-16,burden_richard.htm,The British Automobile Racing Club,31-Mar-16,"company, registration 05246427(Registered 14 April 2016)","Burden, Richard (Birmingham, Northfield)","Burden, Richard ","Birmingham, Northfield",Two passes to British Touring Car Championship 2016 rounds. Total value for year approx. å£750.
"17 White House Grove, Elvington, York YO41 4AL",2burden_richard.htm,31-Mar-17,burden_richard.htm,The British Automobile Racing Club,31-Mar-17,"company, registration 05246427(Registered 03 April 2017)","Burden, Richard (Birmingham, Northfield)","Burden, Richard ","Birmingham, Northfield","Two passes to British Touring Car Championship 2017 rounds, total value for year approx. å£785."
"Riverside Park, Colnbrook SL3 0HG",3burden_richard.htm,16-Jul-17,burden_richard.htm,Motor Sports Association,16-Jul-17,"company, registration 1344829(Registered 20 July 2017)","Burden, Richard (Birmingham, Northfield)","Burden, Richard ","Birmingham, Northfield","two passes and hospitality for 2017 British Grand Prix at Silverstone, value å£1,084 (å£542 per person)"
"Quartermile Two, 2 Lister Square, Edinburgh EH3 9GL",1brown_alan.htm,7-8 October 2016,brown_alan.htm,The Scotch Whisky Association,07-Oct-16,"company, registration SC035148(Registered 20 October 2016)","Brown, Alan (Kilmarnock and Loudoun)","Brown, Alan ",Kilmarnock and Loudoun,"as part of an APPG on Scotch Whisky fact-finding visit to Islay, travel, accommodation and subsistence with a value of å£379.41"
"Grant Way, Isleworth TW7 5QD",1brine_steve.htm,16-Oct-16,brine_steve.htm,Sky UK Ltd,16-Oct-16,"company, registration 2906991(Registered 10 November 2016)","Brine, Steve (Winchester)","Brine, Steve ",Winchester,"Two tickets to the British Masters at the Grove Golf Club, with a value of å£800"
"2 Pancras Square, London N1C 4AG",2brine_steve.htm,23-Jun-17,brine_steve.htm,PRS for Music,23-Jun-17,"company, registration 03444246(Registered 11 July 2017)                  ","Brine, Steve (Winchester)","Brine, Steve ",Winchester,"Two tickets to Glastonbury and accommodation with a total value of å£1,108.32 (å£950 for tickets and å£158.32 for accommodation)"
"Covent Garden, London WC2E 9DD",1bridgen_andrew.htm,20-Dec-16,bridgen_andrew.htm,Royal Opera House,20-Dec-16,"company, registration 480523(Registered 12 January 2017)","Bridgen, Andrew (North West Leicestershire)","Bridgen, Andrew ",North West Leicestershire,two tickets with a total value of å£540
"Ramillies Buildings, 1-9 Hills Pl, London W1F 7SA",1bone_peter.htm,02-Oct-16,bone_peter.htm,NFL UK,02-Oct-16,"company, registration 02777555(Registered 04 October 2016)","Bone, Mr Peter (Wellingborough)","Bone, Mr Peter ",Wellingborough,"two tickets with hospitality for NFL game at Wembley, with a total value of å£880Date of receipt of donation: 2 October 2016Date of acceptance of donation: 2 October 2016Donor status: company, registration 02777555(Registered 04 October 2016)"
private,1boles_nick.htm,28-Dec-16,boles_nick.htm,Lord Wolfson of Aspley Guise,06-Jan-17,"individual(Registered 19 January 2017)","Boles, Nick (Grantham and Stamford)","Boles, Nick ",Grantham and Stamford,"å£10,000 to support the research and writing of a forthcoming book"
private,2boles_nick.htm,20-Jan-17,boles_nick.htm,Lord and Lady Sainsbury of Turville,23-Jan-17,"individuals(Registered 08 February 2017)","Boles, Nick (Grantham and Stamford)","Boles, Nick ",Grantham and Stamford,"å£5,000 to support the research and writing of a forthcoming book"
"c/o Munro Wright and Wasbrough LLP, 7-8 Great James Street, London WC1N 3DF",3boles_nick.htm,07-Jul-17,boles_nick.htm,The Essex Research Association,07-Jul-17,"trust(Registered 24 July 2017)                  ","Boles, Nick (Grantham and Stamford)","Boles, Nick ",Grantham and Stamford,"å£20,000 to support the research and writing of a forthcoming book"
"Worthy Farm, Pilton, Shepton Mallet BA4 4BY",1black_mhairi.htm,15-Jun-16,black_mhairi.htm,Glastonbury Festivals,15-Jun-16,"company, registration 02737866(Registered 11 October 2016)                  ","Black, Mhairi (Paisley and Renfrewshire South)","Black, Mhairi ",Paisley and Renfrewshire South,"two tickets for Glastonbury 2016, where I gave a talk and took part in a political debate on the Left Field Stage, total value å£446"
"55 Blandford Street, London W1U 7HW",1betts_clive.htm,28-May-16,betts_clive.htm,English Football League,28-May-16,"company, registration 04112553(Registered 08 November 2016)","Betts, Mr Clive (Sheffield South East)","Betts, Mr Clive ",Sheffield South East,"two tickets and hospitality to watch Sheffield Wednesday FC at Wembley in the Championship Playoff Final, total estimated value å£650"
"Auchterarder, Perthshire PH3 1NF",1bercow_john.htm,08-Sep-16,bercow_john.htm,Gleneagles Hotels Ltd,08-Sep-16,"company, registration SC097000(Registered 03 October 2016)","Bercow, John (Buckingham)","Bercow, John ",Buckingham,"whilst undertaking a visit in my capacity as Speaker, for a member of staff and myself, one night's accommodation and hospitality with a total value of å£2,815"
"National Tennis Centre, 100 Priory Lane, London SW15 5JQ",2bercow_john.htm,16-Sep-16,bercow_john.htm,Lawn Tennis Association,16-Sep-16,"company, registration 07459469(Registered 11 October 2016)","Bercow, John (Buckingham)","Bercow, John ",Buckingham,"Two tickets, with associated hospitality, for the Davis Cup semi final at the Emirates Arena in Glasgow between 16 and 18 September 2016, value å£1,384.80"
"Highbury House, 75 Drayton Park, London N5 1BU",3bercow_john.htm,06-Nov-16,bercow_john.htm,Arsenal Football Club,06-Nov-16,"company, registration 00109244(Registered 10 November 2016)","Bercow, John (Buckingham)","Bercow, John ",Buckingham,"two tickets to attend a football match on 6 November 2016, and associated hospitality; total value å£550"
private,4bercow_john.htm,19-Nov-16,bercow_john.htm,Ravi Gill,19-Nov-16,"individual(Registered 29 November 2016)","Bercow, John (Buckingham)","Bercow, John ",Buckingham,"two tickets to attend a football match on 19 November 2016, and associated hospitality; total value å£810"
"Palliser House, Palliser Road, London W14 9EB",5bercow_john.htm,20-Nov-16,bercow_john.htm,Association of Tennis Professionals,20-Nov-16,"unincorporated association(Registered 05 December 2016)","Bercow, John (Buckingham)","Bercow, John ",Buckingham,"two tickets to attend the ATP World Tour Finals on Sunday 20 November 2016, and associated hospitality; total value å£385"
"Palliser House, Palliser Road, London W14 9EB",6bercow_john.htm,14-Nov-16,bercow_john.htm,Association of Tennis Professionals,14-Nov-16,"unincorporated association(Registered 05 December 2016)","Bercow, John (Buckingham)","Bercow, John ",Buckingham,"two tickets to attend the ATP World Tour Finals on Monday 14 November 2016, and associated hospitality, value å£277"
"Palliser House, Palliser Road, London W14 9EB",7bercow_john.htm,17-Nov-16,bercow_john.htm,Association of Tennis Professionals,17-Nov-16,"unincorporated association(Registered 05 December 2016)","Bercow, John (Buckingham)","Bercow, John ",Buckingham,"two tickets to attend the ATP World Tour Finals on Thursday 17 November 2016, and associated hospitality, value å£277"
private,8bercow_john.htm,23-Nov-16,bercow_john.htm,Mr Frank Warren,23-Nov-16,"individual(Registered 07 December 2016)","Bercow, John (Buckingham)","Bercow, John ",Buckingham,"two tickets to attend a football match on Wednesday 23 November 2016, with associated hospitality; value å£330"
"Highbury House, 75 Drayton Park, London N5 1BU",9bercow_john.htm,22-Jan-17,bercow_john.htm,Arsenal Football Club,22-Jan-17,"company, registration 00109244(Registered 24 January 2017)","Bercow, John (Buckingham)","Bercow, John ",Buckingham,"three tickets to attend a football match on 22 January 2017, and associated hospitality; total value å£825"
"Highbury House, 75 Drayton Park, London N5 1BU",10bercow_john.htm,31-Jan-17,bercow_john.htm,Arsenal Football Club,31-Jan-17,"company, registration 00109244(Registered 03 March 2017)","Bercow, John (Buckingham)","Bercow, John ",Buckingham,"two tickets to attend a football match on 31 January 2017, and associated hospitality; total value å£550"
"Highbury House, 75 Drayton Park, London N5 1BU",11bercow_john.htm,07-Mar-17,bercow_john.htm,Arsenal Football Club,07-Mar-17,"company, registration 00109244(Registered 10 March 2017)","Bercow, John (Buckingham)","Bercow, John ",Buckingham,"two tickets to attend a football match on 7 March 2017, and associated hospitality; total value å£550"
"Palliser Road, London W14 9EQ",12bercow_john.htm, 25 June 2017,bercow_john.htm,The Queens Club,25-Jun-17,"company, registration 23072(Registered 05 July 2017)","Bercow, John (Buckingham)","Bercow, John ",Buckingham,"two tickets to attend the Aegon Championships, with associated hospitality; value å£630"
could not extract,13bercow_john.htm,13-Jul-17,bercow_john.htm,"All England Lawn Tennis Club, Church Road, Wimbledon, London SW19 5AEAmount of donation or nature and value if donation in kind: two tickets for the Royal Box at the Wimbledon championships on 13 July 2017, estimated value å£8,590Date received: 13 July 2017Date accepted: 13 July 2017Donor status: company, registration 07546773(Registered 17 July 2017)",13-Jul-17,"company, registration 07546773(Registered 17 July 2017)","Bercow, John (Buckingham)","Bercow, John ",Buckingham,"two tickets for the Royal Box at the Wimbledon championships on 13 July 2017, estimated value å£8,590"
"Emirates Old Trafford, Manchester M16 0PXAmount of donation, or nature and value if donation in kind: Ticket to attend the Test Match on 5 August 2017, and associated hospitality, total value å£420Date received: 5 August 2017Date accepted: 5 August 2017Donor status: company, registration IP28451R.(Registered 24 August 2017)6",14bercow_john.htm,05-Aug-17,bercow_john.htm,Lancashire County Cricket Club,05-Aug-17,"company, registration IP28451R.(Registered 24 August 2017)6","Bercow, John (Buckingham)","Bercow, John ",Buckingham,"Ticket to attend the Test Match on 5 August 2017, and associated hospitality, total value å£420"
"West Terrace, Esh Winning, Durham DH7 9PT",1barron_kevin.htm,08-Apr-17,barron_kevin.htm,Hargreaves Services plc,08-Apr-17,"company, registration 4952865(Registered 18 April 2017)6","Barron, Sir Kevin (Rother Valley)","Barron, Sir Kevin ",Rother Valley,"invitation to the theatre, including overnight hotel accommodation for myself and my wife, total value å£600"
"Quartermile Two, 2 Lister Square, Edinburgh EH3 9GL",1bardell_hannah.htm,7-8 October 2016,bardell_hannah.htm,The Scotch Whisky Association,07-Oct-16,"company, registration SC035148(Registered 03 November 2016)","Bardell, Hannah (Livingston)","Bardell, Hannah ",Livingston,"as part of an APPG on Scotch Whisky fact-finding visit to Islay, travel, accommodation and subsistence with a value of å£379.41"
"Wicksteed Leisure Ltd, Digby Street, Kettering, Northamptonshire NN16 8YJ",1baker_steve.htm,19 June 2017 to May 2018,baker_steve.htm,Jardentome Ltd,19-Jun-17,"company, registration 02353697(Registered 27 June 2017)","Baker, Mr Steve (Wycombe)","Baker, Mr Steve ",Wycombe,"From June 2017 to May 2018, accommodation in London, approx. value å£1,105 per calendar month; å£13,260 a year."
"The London Television Centre, Upper Ground, London SE1 9LT",1adams_nigel.htm,25-Jan-17,adams_nigel.htm,ITV plc,25-Jan-17,"company, registration 4967001(Registered 13 March 2017)","Adams, Nigel (Selby and Ainsty)","Adams, Nigel ",Selby and Ainsty,"ticket to attend the National Television Awards with a value of å£1,028"
"124 Horseferry Road, London SW1P 2TX",2adams_nigel.htm,11-Feb-17,adams_nigel.htm,Channel Four Television Company Ltd,11-Feb-17,"company, registration 01533774(Registered 15 March 2017)","Adams, Nigel (Selby and Ainsty)","Adams, Nigel ",Selby and Ainsty,"In my role on the culture, media and sport select committee I was invited to and accepted two tickets and hospitality at the British Film and Television Awards ceremony, value å£1,840"
"2 Pancras Square, London N1C 4AG",3adams_nigel.htm,22-Jun-17,adams_nigel.htm,PRS for Music (Performing Rights Society),23-Jun-17,"company, registration 03444246(Registered 18 July 2017)","Adams, Nigel (Selby and Ainsty)","Adams, Nigel ",Selby and Ainsty,"In my capacity as Chairman of the All Party Parliamentary Group for Music, I received two tickets and accommodation at Glastonbury music festival to the value of å£1,019.46"